Lecture_ID,Date,Day_of_Week,Lecture_Number,Start_Time,End_Time,Subject,Faculty_ID,Semester,Branch,Section,Classroom,Total_Enrolled_Students,Students_Present,Attendance_Percentage,Previous_Lecture_Attendance_Percentage,Gap_Since_Previous_Lecture_Hours,Practical_Theory,Internal_Test_Week,Assignment_Due,Holiday_Before_After,Holiday_Tomorrow,Weather,Special_Event,Attendance_Record_Status,Source_Timetable,Source_Attendance_Register
LEC0001,2026-06-25,Thursday,1,08:30,09:15,Mobile Application Development,F_01+F_13,Third Semester,MCA,A+B,Computer Lab,80,,,,,Practical,0,0,Holiday_Before,Not_Collected,Not_Collected,Not_Collected,Pending Register Verification,timetable_structured.csv,None
LEC0002,2026-06-25,Thursday,2,09:15,10:15,Mobile Application Development,F_01+F_13,Third Semester,MCA,A+B,Computer Lab,80,,,,,Practical,0,0,Holiday_Before,Not_Collected,Not_Collected,Not_Collected,Pending Register Verification,timetable_structured.csv,None
LEC0003,2026-06-25,Thursday,3,10:15,11:15,Data Science and Machine Learning,F_07+F_08,Third Semester,MCA,A+B,Computer Lab,80,,,,,Practical,0,0,Holiday_Before,Not_Collected,Not_Collected,Not_Collected,Pending Register Verification,timetable_structured.csv,None
LEC0004,2026-06-25,Thursday,4,11:15,12:15,Software Testing and Quality Assurance,F_05+F_06,Third Semester,MCA,A+B,Computer Lab,80,,,,,Practical,0,0,Holiday_Before,Not_Collected,Not_Collected,Not_Collected,Pending Register Verification,timetable_structured.csv,None
LEC0005,2026-06-25,Thursday,5,13:30,15:30,Industry Readiness Program,Not_Assigned,Third Semester,MCA,A+B,Computer Lab,80,,,,,Practical,0,0,Holiday_Before,Not_Collected,Not_Collected,Not_Collected,Pending Register Verification,timetable_structured.csv,None
LEC0006,2026-06-27,Saturday,1,08:30,09:15,MAD Practical,F_01+F_11+F_02+F_12,Third Semester,MCA,A+B,Computer Lab,80,,,,,Practical,0,0,Holiday_After,Not_Collected,Not_Collected,Not_Collected,Pending Register Verification,timetable_structured.csv,None
LEC0007,2026-06-27,Saturday,2,09:15,10:15,MAD Practical,F_01+F_11+F_02+F_12,Third Semester,MCA,A+B,Computer Lab,80,,,,,Practical,0,0,Holiday_After,Not_Collected,Not_Collected,Not_Collected,Pending Register Verification,timetable_structured.csv,None
LEC0008,2026-06-27,Saturday,3,11:15,12:15,Mini Project,Not_Assigned,Third Semester,MCA,A+B,Computer Lab,80,,,,,Practical,0,0,Holiday_After,Not_Collected,Not_Collected,Not_Collected,Pending Register Verification,timetable_structured.csv,None
LEC0009,2026-06-29,Monday,1,08:30,09:15,Mobile Application Development,F_01+F_13,Third Semester,MCA,A+B,Computer Lab,80,,,,,Practical,0,0,None,Not_Collected,Not_Collected,Not_Collected,Pending Register Verification,timetable_structured.csv,None
LEC0010,2026-06-29,Monday,2,09:15,10:15,Mobile Application Development,F_01+F_13,Third Semester,MCA,A+B,Computer Lab,80,,,,,Practical,0,0,None,Not_Collected,Not_Collected,Not_Collected,Pending Register Verification,timetable_structured.csv,None
LEC0011,2026-06-29,Monday,3,10:15,11:15,Innovation and Entrepreneurship Development,F_02+F_13,Third Semester,MCA,A+B,Computer Lab,80,,,,,Practical,0,0,None,Not_Collected,Not_Collected,Not_Collected,Pending Register Verification,timetable_structured.csv,None
LEC0012,2026-06-29,Monday,4,11:15,12:15,Innovation and Entrepreneurship Development,F_02+F_13,Third Semester,MCA,A+B,Computer Lab,80,,,,,Practical,0,0,None,Not_Collected,Not_Collected,Not_Collected,Pending Register Verification,timetable_structured.csv,None
LEC0013,2026-06-29,Monday,5,13:30,15:30,STQA Practical,F_05+F_06+F_09+F_10,Third Semester,MCA,A+B,Computer Lab,80,,,,,Practical,0,0,None,Not_Collected,Not_Collected,Not_Collected,Pending Register Verification,timetable_structured.csv,None
LEC0014,2026-06-30,Tuesday,1,08:30,09:15,Mobile Application Development,F_01+F_13,Third Semester,MCA,A+B,Computer Lab,80,,,,,Practical,0,0,None,Not_Collected,Not_Collected,Not_Collected,Pending Register Verification,timetable_structured.csv,None
LEC0015,2026-06-30,Tuesday,2,09:15,10:15,Mobile Application Development,F_01+F_13,Third Semester,MCA,A+B,Computer Lab,80,,,,,Practical,0,0,None,Not_Collected,Not_Collected,Not_Collected,Pending Register Verification,timetable_structured.csv,None
LEC0016,2026-06-30,Tuesday,3,10:15,11:15,Principles of Cloud Management and Security,F_03+F_04,Third Semester,MCA,A+B,Computer Lab,80,,,,,Practical,0,0,None,Not_Collected,Not_Collected,Not_Collected,Pending Register Verification,timetable_structured.csv,None
LEC0017,2026-06-30,Tuesday,4,11:15,12:15,Data Science and Machine Learning,F_07+F_08,Third Semester,MCA,A+B,Computer Lab,80,,,,,Practical,0,0,None,Not_Collected,Not_Collected,Not_Collected,Pending Register Verification,timetable_structured.csv,None
LEC0018,2026-06-30,Tuesday,5,13:30,15:30,DS and ML Practical,F_07+F_08+F_03+F_04,Third Semester,MCA,A+B,Computer Lab,80,,,,,Practical,0,0,None,Not_Collected,Not_Collected,Not_Collected,Pending Register Verification,timetable_structured.csv,None
LEC0019,2026-07-01,Wednesday,1,08:30,09:15,Mobile Application Development,F_01+F_13,Third Semester,MCA,A+B,Computer Lab,80,,,,,Practical,0,0,None,Not_Collected,Not_Collected,Not_Collected,Pending Register Verification,timetable_structured.csv,None
LEC0020,2026-07-01,Wednesday,2,09:15,10:15,Mobile Application Development,F_01+F_13,Third Semester,MCA,A+B,Computer Lab,80,,,,,Practical,0,0,None,Not_Collected,Not_Collected,Not_Collected,Pending Register Verification,timetable_structured.csv,None
LEC0021,2026-07-01,Wednesday,3,10:15,11:15,Software Testing and Quality Assurance,F_05+F_06,Third Semester,MCA,A+B,Computer Lab,80,,,,,Practical,0,0,None,Not_Collected,Not_Collected,Not_Collected,Pending Register Verification,timetable_structured.csv,None
LEC0022,2026-07-01,Wednesday,4,11:15,12:15,Principles of Cloud Management and Security,F_03+F_04,Third Semester,MCA,A+B,Computer Lab,80,,,,,Practical,0,0,None,Not_Collected,Not_Collected,Not_Collected,Pending Register Verification,timetable_structured.csv,None
LEC0023,2026-07-01,Wednesday,5,13:30,15:30,Innovation and Entrepreneurship Development,F_02+F_13,Third Semester,MCA,A+B,Computer Lab,80,,,,,Practical,0,0,None,Not_Collected,Not_Collected,Not_Collected,Pending Register Verification,timetable_structured.csv,None
LEC0024,2026-07-02,Thursday,1,08:30,09:15,Mobile Application Development,F_01+F_13,Third Semester,MCA,A+B,Computer Lab,80,,,,,Practical,0,0,None,Not_Collected,Not_Collected,Not_Collected,Pending Register Verification,timetable_structured.csv,None
LEC0025,2026-07-02,Thursday,2,09:15,10:15,Mobile Application Development,F_01+F_13,Third Semester,MCA,A+B,Computer Lab,80,,,,,Practical,0,0,None,Not_Collected,Not_Collected,Not_Collected,Pending Register Verification,timetable_structured.csv,None
LEC0026,2026-07-02,Thursday,3,10:15,11:15,Data Science and Machine Learning,F_07+F_08,Third Semester,MCA,A+B,Computer Lab,80,,,,,Practical,0,0,None,Not_Collected,Not_Collected,Not_Collected,Pending Register Verification,timetable_structured.csv,None
LEC0027,2026-07-02,Thursday,4,11:15,12:15,Software Testing and Quality Assurance,F_05+F_06,Third Semester,MCA,A+B,Computer Lab,80,,,,,Practical,0,0,None,Not_Collected,Not_Collected,Not_Collected,Pending Register Verification,timetable_structured.csv,None
LEC0028,2026-07-02,Thursday,5,13:30,15:30,Industry Readiness Program,Not_Assigned,Third Semester,MCA,A+B,Computer Lab,80,,,,,Practical,0,0,None,Not_Collected,Not_Collected,Not_Collected,Pending Register Verification,timetable_structured.csv,None
LEC0029,2026-07-03,Friday,1,08:30,09:15,Mobile Application Development,F_01+F_13,Third Semester,MCA,A+B,Computer Lab,80,,,,,Practical,0,0,None,Not_Collected,Not_Collected,Not_Collected,Pending Register Verification,timetable_structured.csv,None
LEC0030,2026-07-03,Friday,2,09:15,10:15,Mobile Application Development,F_01+F_13,Third Semester,MCA,A+B,Computer Lab,80,,,,,Practical,0,0,None,Not_Collected,Not_Collected,Not_Collected,Pending Register Verification,timetable_structured.csv,None
LEC0031,2026-07-03,Friday,3,10:15,11:15,Data Science and Machine Learning,F_07+F_08,Third Semester,MCA,A+B,Computer Lab,80,,,,,Practical,0,0,None,Not_Collected,Not_Collected,Not_Collected,Pending Register Verification,timetable_structured.csv,None
LEC0032,2026-07-03,Friday,4,11:15,12:15,Principles of Cloud Management and Security,F_03+F_04,Third Semester,MCA,A+B,Computer Lab,80,,,,,Practical,0,0,None,Not_Collected,Not_Collected,Not_Collected,Pending Register Verification,timetable_structured.csv,None
LEC0033,2026-07-03,Friday,5,13:30,15:30,Software Testing and Quality Assurance,F_05+F_06,Third Semester,MCA,A+B,Computer Lab,80,,,,,Practical,0,0,None,Not_Collected,Not_Collected,Not_Collected,Pending Register Verification,timetable_structured.csv,None
LEC0034,2026-07-04,Saturday,1,08:30,09:15,MAD Practical,F_01+F_11+F_02+F_12,Third Semester,MCA,A+B,Computer Lab,80,,,,,Practical,0,0,None,Not_Collected,Not_Collected,Not_Collected,Pending Register Verification,timetable_structured.csv,None
LEC0035,2026-07-04,Saturday,2,09:15,10:15,MAD Practical,F_01+F_11+F_02+F_12,Third Semester,MCA,A+B,Computer Lab,80,,,,,Practical,0,0,None,Not_Collected,Not_Collected,Not_Collected,Pending Register Verification,timetable_structured.csv,None
LEC0036,2026-07-04,Saturday,3,11:15,12:15,Mini Project,Not_Assigned,Third Semester,MCA,A+B,Computer Lab,80,,,,,Practical,0,0,None,Not_Collected,Not_Collected,Not_Collected,Pending Register Verification,timetable_structured.csv,None
LEC0037,2026-07-06,Monday,1,08:30,09:15,Mobile Application Development,F_01+F_13,Third Semester,MCA,A+B,Computer Lab,80,,,,,Practical,0,0,None,Not_Collected,Not_Collected,Not_Collected,Pending Register Verification,timetable_structured.csv,None
LEC0038,2026-07-06,Monday,2,09:15,10:15,Mobile Application Development,F_01+F_13,Third Semester,MCA,A+B,Computer Lab,80,,,,,Practical,0,0,None,Not_Collected,Not_Collected,Not_Collected,Pending Register Verification,timetable_structured.csv,None
LEC0039,2026-07-06,Monday,3,10:15,11:15,Innovation and Entrepreneurship Development,F_02+F_13,Third Semester,MCA,A+B,Computer Lab,80,,,,,Practical,0,0,None,Not_Collected,Not_Collected,Not_Collected,Pending Register Verification,timetable_structured.csv,None
LEC0040,2026-07-06,Monday,4,11:15,12:15,Innovation and Entrepreneurship Development,F_02+F_13,Third Semester,MCA,A+B,Computer Lab,80,,,,,Practical,0,0,None,Not_Collected,Not_Collected,Not_Collected,Pending Register Verification,timetable_structured.csv,None
LEC0041,2026-07-06,Monday,5,13:30,15:30,STQA Practical,F_05+F_06+F_09+F_10,Third Semester,MCA,A+B,Computer Lab,80,,,,,Practical,0,0,None,Not_Collected,Not_Collected,Not_Collected,Pending Register Verification,timetable_structured.csv,None
LEC0042,2026-07-07,Tuesday,1,08:30,09:15,Mobile Application Development,F_01+F_13,Third Semester,MCA,A+B,Computer Lab,80,,,,,Practical,0,0,None,Not_Collected,Not_Collected,Not_Collected,Pending Register Verification,timetable_structured.csv,None
LEC0043,2026-07-07,Tuesday,2,09:15,10:15,Mobile Application Development,F_01+F_13,Third Semester,MCA,A+B,Computer Lab,80,,,,,Practical,0,0,None,Not_Collected,Not_Collected,Not_Collected,Pending Register Verification,timetable_structured.csv,None
LEC0044,2026-07-07,Tuesday,3,10:15,11:15,Principles of Cloud Management and Security,F_03+F_04,Third Semester,MCA,A+B,Computer Lab,80,,,,,Practical,0,0,None,Not_Collected,Not_Collected,Not_Collected,Pending Register Verification,timetable_structured.csv,None
LEC0045,2026-07-07,Tuesday,4,11:15,12:15,Data Science and Machine Learning,F_07+F_08,Third Semester,MCA,A+B,Computer Lab,80,,,,,Practical,0,0,None,Not_Collected,Not_Collected,Not_Collected,Pending Register Verification,timetable_structured.csv,None
LEC0046,2026-07-07,Tuesday,5,13:30,15:30,DS and ML Practical,F_07+F_08+F_03+F_04,Third Semester,MCA,A+B,Computer Lab,80,,,,,Practical,0,0,None,Not_Collected,Not_Collected,Not_Collected,Pending Register Verification,timetable_structured.csv,None
LEC0047,2026-07-08,Wednesday,1,08:30,09:15,Mobile Application Development,F_01+F_13,Third Semester,MCA,A+B,Computer Lab,80,,,,,Practical,0,0,None,Not_Collected,Not_Collected,Not_Collected,Pending Register Verification,timetable_structured.csv,None
LEC0048,2026-07-08,Wednesday,2,09:15,10:15,Mobile Application Development,F_01+F_13,Third Semester,MCA,A+B,Computer Lab,80,,,,,Practical,0,0,None,Not_Collected,Not_Collected,Not_Collected,Pending Register Verification,timetable_structured.csv,None
LEC0049,2026-07-08,Wednesday,3,10:15,11:15,Software Testing and Quality Assurance,F_05+F_06,Third Semester,MCA,A+B,Computer Lab,80,,,,,Practical,0,0,None,Not_Collected,Not_Collected,Not_Collected,Pending Register Verification,timetable_structured.csv,None
LEC0050,2026-07-08,Wednesday,4,11:15,12:15,Principles of Cloud Management and Security,F_03+F_04,Third Semester,MCA,A+B,Computer Lab,80,,,,,Practical,0,0,None,Not_Collected,Not_Collected,Not_Collected,Pending Register Verification,timetable_structured.csv,None
LEC0051,2026-07-08,Wednesday,5,13:30,15:30,Innovation and Entrepreneurship Development,F_02+F_13,Third Semester,MCA,A+B,Computer Lab,80,,,,,Practical,0,0,None,Not_Collected,Not_Collected,Not_Collected,Pending Register Verification,timetable_structured.csv,None
LEC0052,2026-07-09,Thursday,1,08:30,09:15,Mobile Application Development,F_01+F_13,Third Semester,MCA,A+B,Computer Lab,80,,,,,Practical,0,0,None,Not_Collected,Not_Collected,Not_Collected,Pending Register Verification,timetable_structured.csv,None
LEC0053,2026-07-09,Thursday,2,09:15,10:15,Mobile Application Development,F_01+F_13,Third Semester,MCA,A+B,Computer Lab,80,,,,,Practical,0,0,None,Not_Collected,Not_Collected,Not_Collected,Pending Register Verification,timetable_structured.csv,None
LEC0054,2026-07-09,Thursday,3,10:15,11:15,Data Science and Machine Learning,F_07+F_08,Third Semester,MCA,A+B,Computer Lab,80,,,,,Practical,0,0,None,Not_Collected,Not_Collected,Not_Collected,Pending Register Verification,timetable_structured.csv,None
LEC0055,2026-07-09,Thursday,4,11:15,12:15,Software Testing and Quality Assurance,F_05+F_06,Third Semester,MCA,A+B,Computer Lab,80,,,,,Practical,0,0,None,Not_Collected,Not_Collected,Not_Collected,Pending Register Verification,timetable_structured.csv,None
LEC0056,2026-07-09,Thursday,5,13:30,15:30,Industry Readiness Program,Not_Assigned,Third Semester,MCA,A+B,Computer Lab,80,,,,,Practical,0,0,None,Not_Collected,Not_Collected,Not_Collected,Pending Register Verification,timetable_structured.csv,None
LEC0057,2026-07-10,Friday,1,08:30,09:15,Mobile Application Development,F_01+F_13,Third Semester,MCA,A+B,Computer Lab,80,,,,,Practical,0,0,None,Not_Collected,Not_Collected,Not_Collected,Pending Register Verification,timetable_structured.csv,None
LEC0058,2026-07-10,Friday,2,09:15,10:15,Mobile Application Development,F_01+F_13,Third Semester,MCA,A+B,Computer Lab,80,,,,,Practical,0,0,None,Not_Collected,Not_Collected,Not_Collected,Pending Register Verification,timetable_structured.csv,None
LEC0059,2026-07-10,Friday,3,10:15,11:15,Data Science and Machine Learning,F_07+F_08,Third Semester,MCA,A+B,Computer Lab,80,,,,,Practical,0,0,None,Not_Collected,Not_Collected,Not_Collected,Pending Register Verification,timetable_structured.csv,None
LEC0060,2026-07-10,Friday,4,11:15,12:15,Principles of Cloud Management and Security,F_03+F_04,Third Semester,MCA,A+B,Computer Lab,80,,,,,Practical,0,0,None,Not_Collected,Not_Collected,Not_Collected,Pending Register Verification,timetable_structured.csv,None
LEC0061,2026-07-10,Friday,5,13:30,15:30,Software Testing and Quality Assurance,F_05+F_06,Third Semester,MCA,A+B,Computer Lab,80,,,,,Practical,0,0,None,Not_Collected,Not_Collected,Not_Collected,Pending Register Verification,timetable_structured.csv,None
LEC0062,2026-07-11,Saturday,1,08:30,09:15,MAD Practical,F_01+F_11+F_02+F_12,Third Semester,MCA,A+B,Computer Lab,80,,,,,Practical,0,0,None,Not_Collected,Not_Collected,Not_Collected,Pending Register Verification,timetable_structured.csv,None
LEC0063,2026-07-11,Saturday,2,09:15,10:15,MAD Practical,F_01+F_11+F_02+F_12,Third Semester,MCA,A+B,Computer Lab,80,,,,,Practical,0,0,None,Not_Collected,Not_Collected,Not_Collected,Pending Register Verification,timetable_structured.csv,None
LEC0064,2026-07-11,Saturday,3,11:15,12:15,Mini Project,Not_Assigned,Third Semester,MCA,A+B,Computer Lab,80,,,,,Practical,0,0,None,Not_Collected,Not_Collected,Not_Collected,Pending Register Verification,timetable_structured.csv,None
LEC0065,2026-07-13,Monday,1,08:30,09:15,Mobile Application Development,F_01+F_13,Third Semester,MCA,A+B,Computer Lab,80,,,,,Practical,0,0,None,Not_Collected,Not_Collected,Not_Collected,Pending Register Verification,timetable_structured.csv,None
LEC0066,2026-07-13,Monday,2,09:15,10:15,Mobile Application Development,F_01+F_13,Third Semester,MCA,A+B,Computer Lab,80,,,,,Practical,0,0,None,Not_Collected,Not_Collected,Not_Collected,Pending Register Verification,timetable_structured.csv,None
LEC0067,2026-07-13,Monday,3,10:15,11:15,Innovation and Entrepreneurship Development,F_02+F_13,Third Semester,MCA,A+B,Computer Lab,80,,,,,Practical,0,0,None,Not_Collected,Not_Collected,Not_Collected,Pending Register Verification,timetable_structured.csv,None
LEC0068,2026-07-13,Monday,4,11:15,12:15,Innovation and Entrepreneurship Development,F_02+F_13,Third Semester,MCA,A+B,Computer Lab,80,,,,,Practical,0,0,None,Not_Collected,Not_Collected,Not_Collected,Pending Register Verification,timetable_structured.csv,None
LEC0069,2026-07-13,Monday,5,13:30,15:30,STQA Practical,F_05+F_06+F_09+F_10,Third Semester,MCA,A+B,Computer Lab,80,,,,,Practical,0,0,None,Not_Collected,Not_Collected,Not_Collected,Pending Register Verification,timetable_structured.csv,None
LEC0070,2026-07-14,Tuesday,1,08:30,09:15,Mobile Application Development,F_01+F_13,Third Semester,MCA,A+B,Computer Lab,80,,,,,Practical,0,0,None,Not_Collected,Not_Collected,Not_Collected,Pending Register Verification,timetable_structured.csv,None
LEC0071,2026-07-14,Tuesday,2,09:15,10:15,Mobile Application Development,F_01+F_13,Third Semester,MCA,A+B,Computer Lab,80,,,,,Practical,0,0,None,Not_Collected,Not_Collected,Not_Collected,Pending Register Verification,timetable_structured.csv,None
LEC0072,2026-07-14,Tuesday,3,10:15,11:15,Principles of Cloud Management and Security,F_03+F_04,Third Semester,MCA,A+B,Computer Lab,80,,,,,Practical,0,0,None,Not_Collected,Not_Collected,Not_Collected,Pending Register Verification,timetable_structured.csv,None
LEC0073,2026-07-14,Tuesday,4,11:15,12:15,Data Science and Machine Learning,F_07+F_08,Third Semester,MCA,A+B,Computer Lab,80,,,,,Practical,0,0,None,Not_Collected,Not_Collected,Not_Collected,Pending Register Verification,timetable_structured.csv,None
LEC0074,2026-07-14,Tuesday,5,13:30,15:30,DS and ML Practical,F_07+F_08+F_03+F_04,Third Semester,MCA,A+B,Computer Lab,80,,,,,Practical,0,0,None,Not_Collected,Not_Collected,Not_Collected,Pending Register Verification,timetable_structured.csv,None
LEC0075,2026-07-15,Wednesday,1,08:30,09:15,Mobile Application Development,F_01+F_13,Third Semester,MCA,A+B,Computer Lab,80,,,,,Practical,0,0,None,Not_Collected,Not_Collected,Not_Collected,Pending Register Verification,timetable_structured.csv,None
LEC0076,2026-07-15,Wednesday,2,09:15,10:15,Mobile Application Development,F_01+F_13,Third Semester,MCA,A+B,Computer Lab,80,,,,,Practical,0,0,None,Not_Collected,Not_Collected,Not_Collected,Pending Register Verification,timetable_structured.csv,None
LEC0077,2026-07-15,Wednesday,3,10:15,11:15,Software Testing and Quality Assurance,F_05+F_06,Third Semester,MCA,A+B,Computer Lab,80,,,,,Practical,0,0,None,Not_Collected,Not_Collected,Not_Collected,Pending Register Verification,timetable_structured.csv,None
LEC0078,2026-07-15,Wednesday,4,11:15,12:15,Principles of Cloud Management and Security,F_03+F_04,Third Semester,MCA,A+B,Computer Lab,80,,,,,Practical,0,0,None,Not_Collected,Not_Collected,Not_Collected,Pending Register Verification,timetable_structured.csv,None
LEC0079,2026-07-15,Wednesday,5,13:30,15:30,Innovation and Entrepreneurship Development,F_02+F_13,Third Semester,MCA,A+B,Computer Lab,80,,,,,Practical,0,0,None,Not_Collected,Not_Collected,Not_Collected,Pending Register Verification,timetable_structured.csv,None
LEC0080,2026-07-16,Thursday,1,08:30,09:15,Mobile Application Development,F_01+F_13,Third Semester,MCA,A+B,Computer Lab,80,,,,,Practical,0,0,None,Not_Collected,Not_Collected,Not_Collected,Pending Register Verification,timetable_structured.csv,None
LEC0081,2026-07-16,Thursday,2,09:15,10:15,Mobile Application Development,F_01+F_13,Third Semester,MCA,A+B,Computer Lab,80,,,,,Practical,0,0,None,Not_Collected,Not_Collected,Not_Collected,Pending Register Verification,timetable_structured.csv,None
LEC0082,2026-07-16,Thursday,3,10:15,11:15,Data Science and Machine Learning,F_07+F_08,Third Semester,MCA,A+B,Computer Lab,80,,,,,Practical,0,0,None,Not_Collected,Not_Collected,Not_Collected,Pending Register Verification,timetable_structured.csv,None
LEC0083,2026-07-16,Thursday,4,11:15,12:15,Software Testing and Quality Assurance,F_05+F_06,Third Semester,MCA,A+B,Computer Lab,80,,,,,Practical,0,0,None,Not_Collected,Not_Collected,Not_Collected,Pending Register Verification,timetable_structured.csv,None
LEC0084,2026-07-16,Thursday,5,13:30,15:30,Industry Readiness Program,Not_Assigned,Third Semester,MCA,A+B,Computer Lab,80,,,,,Practical,0,0,None,Not_Collected,Not_Collected,Not_Collected,Pending Register Verification,timetable_structured.csv,None
LEC0085,2026-07-17,Friday,1,08:30,09:15,Mobile Application Development,F_01+F_13,Third Semester,MCA,A+B,Computer Lab,80,,,,,Practical,0,0,None,Not_Collected,Not_Collected,Not_Collected,Pending Register Verification,timetable_structured.csv,None
LEC0086,2026-07-17,Friday,2,09:15,10:15,Mobile Application Development,F_01+F_13,Third Semester,MCA,A+B,Computer Lab,80,,,,,Practical,0,0,None,Not_Collected,Not_Collected,Not_Collected,Pending Register Verification,timetable_structured.csv,None
LEC0087,2026-07-17,Friday,3,10:15,11:15,Data Science and Machine Learning,F_07+F_08,Third Semester,MCA,A+B,Computer Lab,80,,,,,Practical,0,0,None,Not_Collected,Not_Collected,Not_Collected,Pending Register Verification,timetable_structured.csv,None
LEC0088,2026-07-17,Friday,4,11:15,12:15,Principles of Cloud Management and Security,F_03+F_04,Third Semester,MCA,A+B,Computer Lab,80,,,,,Practical,0,0,None,Not_Collected,Not_Collected,Not_Collected,Pending Register Verification,timetable_structured.csv,None
LEC0089,2026-07-17,Friday,5,13:30,15:30,Software Testing and Quality Assurance,F_05+F_06,Third Semester,MCA,A+B,Computer Lab,80,,,,,Practical,0,0,None,Not_Collected,Not_Collected,Not_Collected,Pending Register Verification,timetable_structured.csv,None
LEC0090,2026-07-18,Saturday,1,08:30,09:15,MAD Practical,F_01+F_11+F_02+F_12,Third Semester,MCA,A+B,Computer Lab,80,,,,,Practical,0,0,None,Not_Collected,Not_Collected,Not_Collected,Pending Register Verification,timetable_structured.csv,None
LEC0091,2026-07-18,Saturday,2,09:15,10:15,MAD Practical,F_01+F_11+F_02+F_12,Third Semester,MCA,A+B,Computer Lab,80,,,,,Practical,0,0,None,Not_Collected,Not_Collected,Not_Collected,Pending Register Verification,timetable_structured.csv,None
LEC0092,2026-07-18,Saturday,3,11:15,12:15,Mini Project,Not_Assigned,Third Semester,MCA,A+B,Computer Lab,80,,,,,Practical,0,0,None,Not_Collected,Not_Collected,Not_Collected,Pending Register Verification,timetable_structured.csv,None
LEC0093,2026-07-20,Monday,1,08:30,09:15,Mobile Application Development,F_01+F_13,Third Semester,MCA,A+B,Computer Lab,80,,,,,Practical,0,0,None,Not_Collected,Not_Collected,Not_Collected,Pending Register Verification,timetable_structured.csv,None
LEC0094,2026-07-20,Monday,2,09:15,10:15,Mobile Application Development,F_01+F_13,Third Semester,MCA,A+B,Computer Lab,80,,,,,Practical,0,0,None,Not_Collected,Not_Collected,Not_Collected,Pending Register Verification,timetable_structured.csv,None
LEC0095,2026-07-20,Monday,3,10:15,11:15,Innovation and Entrepreneurship Development,F_02+F_13,Third Semester,MCA,A+B,Computer Lab,80,,,,,Practical,0,0,None,Not_Collected,Not_Collected,Not_Collected,Pending Register Verification,timetable_structured.csv,None
LEC0096,2026-07-20,Monday,4,11:15,12:15,Innovation and Entrepreneurship Development,F_02+F_13,Third Semester,MCA,A+B,Computer Lab,80,,,,,Practical,0,0,None,Not_Collected,Not_Collected,Not_Collected,Pending Register Verification,timetable_structured.csv,None
LEC0097,2026-07-20,Monday,5,13:30,15:30,STQA Practical,F_05+F_06+F_09+F_10,Third Semester,MCA,A+B,Computer Lab,80,,,,,Practical,0,0,None,Not_Collected,Not_Collected,Not_Collected,Pending Register Verification,timetable_structured.csv,None
LEC0098,2026-07-21,Tuesday,1,08:30,09:15,Mobile Application Development,F_01+F_13,Third Semester,MCA,A+B,Computer Lab,80,,,,,Practical,0,0,None,Not_Collected,Not_Collected,Not_Collected,Pending Register Verification,timetable_structured.csv,None
LEC0099,2026-07-21,Tuesday,2,09:15,10:15,Mobile Application Development,F_01+F_13,Third Semester,MCA,A+B,Computer Lab,80,,,,,Practical,0,0,None,Not_Collected,Not_Collected,Not_Collected,Pending Register Verification,timetable_structured.csv,None
LEC0100,2026-07-21,Tuesday,3,10:15,11:15,Principles of Cloud Management and Security,F_03+F_04,Third Semester,MCA,A+B,Computer Lab,80,,,,,Practical,0,0,None,Not_Collected,Not_Collected,Not_Collected,Pending Register Verification,timetable_structured.csv,None
LEC0101,2026-07-21,Tuesday,4,11:15,12:15,Data Science and Machine Learning,F_07+F_08,Third Semester,MCA,A+B,Computer Lab,80,,,,,Practical,0,0,None,Not_Collected,Not_Collected,Not_Collected,Pending Register Verification,timetable_structured.csv,None
LEC0102,2026-07-21,Tuesday,5,13:30,15:30,DS and ML Practical,F_07+F_08+F_03+F_04,Third Semester,MCA,A+B,Computer Lab,80,,,,,Practical,0,0,None,Not_Collected,Not_Collected,Not_Collected,Pending Register Verification,timetable_structured.csv,None
LEC0103,2026-07-22,Wednesday,1,08:30,09:15,Mobile Application Development,F_01+F_13,Third Semester,MCA,A+B,Computer Lab,80,,,,,Practical,0,0,None,Not_Collected,Not_Collected,Not_Collected,Pending Register Verification,timetable_structured.csv,None
LEC0104,2026-07-22,Wednesday,2,09:15,10:15,Mobile Application Development,F_01+F_13,Third Semester,MCA,A+B,Computer Lab,80,,,,,Practical,0,0,None,Not_Collected,Not_Collected,Not_Collected,Pending Register Verification,timetable_structured.csv,None
LEC0105,2026-07-22,Wednesday,3,10:15,11:15,Software Testing and Quality Assurance,F_05+F_06,Third Semester,MCA,A+B,Computer Lab,80,,,,,Practical,0,0,None,Not_Collected,Not_Collected,Not_Collected,Pending Register Verification,timetable_structured.csv,None
LEC0106,2026-07-22,Wednesday,4,11:15,12:15,Principles of Cloud Management and Security,F_03+F_04,Third Semester,MCA,A+B,Computer Lab,80,,,,,Practical,0,0,None,Not_Collected,Not_Collected,Not_Collected,Pending Register Verification,timetable_structured.csv,None
LEC0107,2026-07-22,Wednesday,5,13:30,15:30,Innovation and Entrepreneurship Development,F_02+F_13,Third Semester,MCA,A+B,Computer Lab,80,,,,,Practical,0,0,None,Not_Collected,Not_Collected,Not_Collected,Pending Register Verification,timetable_structured.csv,None
LEC0108,2026-07-23,Thursday,1,08:30,09:15,Mobile Application Development,F_01+F_13,Third Semester,MCA,A+B,Computer Lab,80,,,,,Practical,0,0,Holiday_Before,Not_Collected,Not_Collected,Not_Collected,Pending Register Verification,timetable_structured.csv,None
LEC0109,2026-07-23,Thursday,2,09:15,10:15,Mobile Application Development,F_01+F_13,Third Semester,MCA,A+B,Computer Lab,80,,,,,Practical,0,0,Holiday_Before,Not_Collected,Not_Collected,Not_Collected,Pending Register Verification,timetable_structured.csv,None
LEC0110,2026-07-23,Thursday,3,10:15,11:15,Data Science and Machine Learning,F_07+F_08,Third Semester,MCA,A+B,Computer Lab,80,,,,,Practical,0,0,Holiday_Before,Not_Collected,Not_Collected,Not_Collected,Pending Register Verification,timetable_structured.csv,None
LEC0111,2026-07-23,Thursday,4,11:15,12:15,Software Testing and Quality Assurance,F_05+F_06,Third Semester,MCA,A+B,Computer Lab,80,,,,,Practical,0,0,Holiday_Before,Not_Collected,Not_Collected,Not_Collected,Pending Register Verification,timetable_structured.csv,None
LEC0112,2026-07-23,Thursday,5,13:30,15:30,Industry Readiness Program,Not_Assigned,Third Semester,MCA,A+B,Computer Lab,80,,,,,Practical,0,0,Holiday_Before,Not_Collected,Not_Collected,Not_Collected,Pending Register Verification,timetable_structured.csv,None
LEC0113,2026-07-27,Monday,1,08:30,09:15,Mobile Application Development,F_01+F_13,Third Semester,MCA,A+B,Computer Lab,80,,,,,Practical,0,0,Holiday_After,Not_Collected,Not_Collected,Not_Collected,Pending Register Verification,timetable_structured.csv,None
LEC0114,2026-07-27,Monday,2,09:15,10:15,Mobile Application Development,F_01+F_13,Third Semester,MCA,A+B,Computer Lab,80,,,,,Practical,0,0,None,Not_Collected,Not_Collected,Not_Collected,Pending Register Verification,timetable_structured.csv,None
LEC0115,2026-07-27,Monday,3,10:15,11:15,Innovation and Entrepreneurship Development,F_02+F_13,Third Semester,MCA,A+B,Computer Lab,80,,,,,Practical,0,0,None,Not_Collected,Not_Collected,Not_Collected,Pending Register Verification,timetable_structured.csv,None
LEC0116,2026-07-27,Monday,4,11:15,12:15,Innovation and Entrepreneurship Development,F_02+F_13,Third Semester,MCA,A+B,Computer Lab,80,,,,,Practical,0,0,None,Not_Collected,Not_Collected,Not_Collected,Pending Register Verification,timetable_structured.csv,None
LEC0117,2026-07-27,Monday,5,13:30,15:30,STQA Practical,F_05+F_06+F_09+F_10,Third Semester,MCA,A+B,Computer Lab,80,,,,,Practical,0,0,None,Not_Collected,Not_Collected,Not_Collected,Pending Register Verification,timetable_structured.csv,None
LEC0118,2026-07-28,Tuesday,1,08:30,09:15,Mobile Application Development,F_01+F_13,Third Semester,MCA,A+B,Computer Lab,80,,,,,Practical,0,0,None,Not_Collected,Not_Collected,Not_Collected,Pending Register Verification,timetable_structured.csv,None
LEC0119,2026-07-28,Tuesday,2,09:15,10:15,Mobile Application Development,F_01+F_13,Third Semester,MCA,A+B,Computer Lab,80,,,,,Practical,0,0,None,Not_Collected,Not_Collected,Not_Collected,Pending Register Verification,timetable_structured.csv,None
LEC0120,2026-07-28,Tuesday,3,10:15,11:15,Principles of Cloud Management and Security,F_03+F_04,Third Semester,MCA,A+B,Computer Lab,80,,,,,Practical,0,0,None,Not_Collected,Not_Collected,Not_Collected,Pending Register Verification,timetable_structured.csv,None
LEC0121,2026-07-28,Tuesday,4,11:15,12:15,Data Science and Machine Learning,F_07+F_08,Third Semester,MCA,A+B,Computer Lab,80,,,,,Practical,0,0,None,Not_Collected,Not_Collected,Not_Collected,Pending Register Verification,timetable_structured.csv,None
LEC0122,2026-07-28,Tuesday,5,13:30,15:30,DS and ML Practical,F_07+F_08+F_03+F_04,Third Semester,MCA,A+B,Computer Lab,80,,,,,Practical,0,0,None,Not_Collected,Not_Collected,Not_Collected,Pending Register Verification,timetable_structured.csv,None
LEC0123,2026-07-29,Wednesday,1,08:30,09:15,Mobile Application Development,F_01+F_13,Third Semester,MCA,A+B,Computer Lab,80,,,,,Practical,0,0,None,Not_Collected,Not_Collected,Not_Collected,Pending Register Verification,timetable_structured.csv,None
LEC0124,2026-07-29,Wednesday,2,09:15,10:15,Mobile Application Development,F_01+F_13,Third Semester,MCA,A+B,Computer Lab,80,,,,,Practical,0,0,None,Not_Collected,Not_Collected,Not_Collected,Pending Register Verification,timetable_structured.csv,None
LEC0125,2026-07-29,Wednesday,3,10:15,11:15,Software Testing and Quality Assurance,F_05+F_06,Third Semester,MCA,A+B,Computer Lab,80,,,,,Practical,0,0,None,Not_Collected,Not_Collected,Not_Collected,Pending Register Verification,timetable_structured.csv,None
LEC0126,2026-07-29,Wednesday,4,11:15,12:15,Principles of Cloud Management and Security,F_03+F_04,Third Semester,MCA,A+B,Computer Lab,80,,,,,Practical,0,0,None,Not_Collected,Not_Collected,Not_Collected,Pending Register Verification,timetable_structured.csv,None
LEC0127,2026-07-29,Wednesday,5,13:30,15:30,Innovation and Entrepreneurship Development,F_02+F_13,Third Semester,MCA,A+B,Computer Lab,80,,,,,Practical,0,0,None,Not_Collected,Not_Collected,Not_Collected,Pending Register Verification,timetable_structured.csv,None
LEC0128,2026-07-30,Thursday,1,08:30,09:15,Mobile Application Development,F_01+F_13,Third Semester,MCA,A+B,Computer Lab,80,,,,,Practical,0,0,None,Not_Collected,Not_Collected,Not_Collected,Pending Register Verification,timetable_structured.csv,None
LEC0129,2026-07-30,Thursday,2,09:15,10:15,Mobile Application Development,F_01+F_13,Third Semester,MCA,A+B,Computer Lab,80,,,,,Practical,0,0,None,Not_Collected,Not_Collected,Not_Collected,Pending Register Verification,timetable_structured.csv,None
LEC0130,2026-07-30,Thursday,3,10:15,11:15,Data Science and Machine Learning,F_07+F_08,Third Semester,MCA,A+B,Computer Lab,80,,,,,Practical,0,0,None,Not_Collected,Not_Collected,Not_Collected,Pending Register Verification,timetable_structured.csv,None
LEC0131,2026-07-30,Thursday,4,11:15,12:15,Software Testing and Quality Assurance,F_05+F_06,Third Semester,MCA,A+B,Computer Lab,80,,,,,Practical,0,0,None,Not_Collected,Not_Collected,Not_Collected,Pending Register Verification,timetable_structured.csv,None
LEC0132,2026-07-30,Thursday,5,13:30,15:30,Industry Readiness Program,Not_Assigned,Third Semester,MCA,A+B,Computer Lab,80,,,,,Practical,0,0,None,Not_Collected,Not_Collected,Not_Collected,Pending Register Verification,timetable_structured.csv,None
LEC0133,2026-07-31,Friday,1,08:30,09:15,Mobile Application Development,F_01+F_13,Third Semester,MCA,A+B,Computer Lab,80,,,,,Practical,0,0,None,Not_Collected,Not_Collected,Not_Collected,Pending Register Verification,timetable_structured.csv,None
LEC0134,2026-07-31,Friday,2,09:15,10:15,Mobile Application Development,F_01+F_13,Third Semester,MCA,A+B,Computer Lab,80,,,,,Practical,0,0,None,Not_Collected,Not_Collected,Not_Collected,Pending Register Verification,timetable_structured.csv,None
LEC0135,2026-07-31,Friday,3,10:15,11:15,Data Science and Machine Learning,F_07+F_08,Third Semester,MCA,A+B,Computer Lab,80,,,,,Practical,0,0,None,Not_Collected,Not_Collected,Not_Collected,Pending Register Verification,timetable_structured.csv,None
LEC0136,2026-07-31,Friday,4,11:15,12:15,Principles of Cloud Management and Security,F_03+F_04,Third Semester,MCA,A+B,Computer Lab,80,,,,,Practical,0,0,None,Not_Collected,Not_Collected,Not_Collected,Pending Register Verification,timetable_structured.csv,None
LEC0137,2026-07-31,Friday,5,13:30,15:30,Software Testing and Quality Assurance,F_05+F_06,Third Semester,MCA,A+B,Computer Lab,80,,,,,Practical,0,0,None,Not_Collected,Not_Collected,Not_Collected,Pending Register Verification,timetable_structured.csv,None
LEC0138,2026-08-01,Saturday,1,08:30,09:15,MAD Practical,F_01+F_11+F_02+F_12,Third Semester,MCA,A+B,Computer Lab,80,,,,,Practical,0,0,None,Not_Collected,Not_Collected,Not_Collected,Pending Register Verification,timetable_structured.csv,None
LEC0139,2026-08-01,Saturday,2,09:15,10:15,MAD Practical,F_01+F_11+F_02+F_12,Third Semester,MCA,A+B,Computer Lab,80,,,,,Practical,0,0,None,Not_Collected,Not_Collected,Not_Collected,Pending Register Verification,timetable_structured.csv,None
LEC0140,2026-08-01,Saturday,3,11:15,12:15,Mini Project,Not_Assigned,Third Semester,MCA,A+B,Computer Lab,80,,,,,Practical,0,0,None,Not_Collected,Not_Collected,Not_Collected,Pending Register Verification,timetable_structured.csv,None
LEC0141,2026-08-03,Monday,1,08:30,09:15,Mobile Application Development,F_01+F_13,Third Semester,MCA,A+B,Computer Lab,80,,,,,Practical,0,0,None,Not_Collected,Not_Collected,Not_Collected,Pending Register Verification,timetable_structured.csv,None
LEC0142,2026-08-03,Monday,2,09:15,10:15,Mobile Application Development,F_01+F_13,Third Semester,MCA,A+B,Computer Lab,80,,,,,Practical,0,0,None,Not_Collected,Not_Collected,Not_Collected,Pending Register Verification,timetable_structured.csv,None
LEC0143,2026-08-03,Monday,3,10:15,11:15,Innovation and Entrepreneurship Development,F_02+F_13,Third Semester,MCA,A+B,Computer Lab,80,,,,,Practical,0,0,None,Not_Collected,Not_Collected,Not_Collected,Pending Register Verification,timetable_structured.csv,None
LEC0144,2026-08-03,Monday,4,11:15,12:15,Innovation and Entrepreneurship Development,F_02+F_13,Third Semester,MCA,A+B,Computer Lab,80,,,,,Practical,0,0,None,Not_Collected,Not_Collected,Not_Collected,Pending Register Verification,timetable_structured.csv,None
LEC0145,2026-08-03,Monday,5,13:30,15:30,STQA Practical,F_05+F_06+F_09+F_10,Third Semester,MCA,A+B,Computer Lab,80,,,,,Practical,0,0,None,Not_Collected,Not_Collected,Not_Collected,Pending Register Verification,timetable_structured.csv,None
LEC0146,2026-08-04,Tuesday,1,08:30,09:15,Mobile Application Development,F_01+F_13,Third Semester,MCA,A+B,Computer Lab,80,,,,,Practical,0,0,None,Not_Collected,Not_Collected,Not_Collected,Pending Register Verification,timetable_structured.csv,None
LEC0147,2026-08-04,Tuesday,2,09:15,10:15,Mobile Application Development,F_01+F_13,Third Semester,MCA,A+B,Computer Lab,80,,,,,Practical,0,0,None,Not_Collected,Not_Collected,Not_Collected,Pending Register Verification,timetable_structured.csv,None
LEC0148,2026-08-04,Tuesday,3,10:15,11:15,Principles of Cloud Management and Security,F_03+F_04,Third Semester,MCA,A+B,Computer Lab,80,,,,,Practical,0,0,None,Not_Collected,Not_Collected,Not_Collected,Pending Register Verification,timetable_structured.csv,None
LEC0149,2026-08-04,Tuesday,4,11:15,12:15,Data Science and Machine Learning,F_07+F_08,Third Semester,MCA,A+B,Computer Lab,80,,,,,Practical,0,0,None,Not_Collected,Not_Collected,Not_Collected,Pending Register Verification,timetable_structured.csv,None
LEC0150,2026-08-04,Tuesday,5,13:30,15:30,DS and ML Practical,F_07+F_08+F_03+F_04,Third Semester,MCA,A+B,Computer Lab,80,,,,,Practical,0,0,None,Not_Collected,Not_Collected,Not_Collected,Pending Register Verification,timetable_structured.csv,None
LEC0151,2026-08-05,Wednesday,1,08:30,09:15,Mobile Application Development,F_01+F_13,Third Semester,MCA,A+B,Computer Lab,80,,,,,Practical,0,0,None,Not_Collected,Not_Collected,Not_Collected,Pending Register Verification,timetable_structured.csv,None
LEC0152,2026-08-05,Wednesday,2,09:15,10:15,Mobile Application Development,F_01+F_13,Third Semester,MCA,A+B,Computer Lab,80,,,,,Practical,0,0,None,Not_Collected,Not_Collected,Not_Collected,Pending Register Verification,timetable_structured.csv,None
LEC0153,2026-08-05,Wednesday,3,10:15,11:15,Software Testing and Quality Assurance,F_05+F_06,Third Semester,MCA,A+B,Computer Lab,80,,,,,Practical,0,0,None,Not_Collected,Not_Collected,Not_Collected,Pending Register Verification,timetable_structured.csv,None
LEC0154,2026-08-05,Wednesday,4,11:15,12:15,Principles of Cloud Management and Security,F_03+F_04,Third Semester,MCA,A+B,Computer Lab,80,,,,,Practical,0,0,None,Not_Collected,Not_Collected,Not_Collected,Pending Register Verification,timetable_structured.csv,None
LEC0155,2026-08-05,Wednesday,5,13:30,15:30,Innovation and Entrepreneurship Development,F_02+F_13,Third Semester,MCA,A+B,Computer Lab,80,,,,,Practical,0,0,None,Not_Collected,Not_Collected,Not_Collected,Pending Register Verification,timetable_structured.csv,None
LEC0156,2026-08-06,Thursday,1,08:30,09:15,Mobile Application Development,F_01+F_13,Third Semester,MCA,A+B,Computer Lab,80,,,,,Practical,0,0,None,Not_Collected,Not_Collected,Not_Collected,Pending Register Verification,timetable_structured.csv,None
LEC0157,2026-08-06,Thursday,2,09:15,10:15,Mobile Application Development,F_01+F_13,Third Semester,MCA,A+B,Computer Lab,80,,,,,Practical,0,0,None,Not_Collected,Not_Collected,Not_Collected,Pending Register Verification,timetable_structured.csv,None
LEC0158,2026-08-06,Thursday,3,10:15,11:15,Data Science and Machine Learning,F_07+F_08,Third Semester,MCA,A+B,Computer Lab,80,,,,,Practical,0,0,None,Not_Collected,Not_Collected,Not_Collected,Pending Register Verification,timetable_structured.csv,None
LEC0159,2026-08-06,Thursday,4,11:15,12:15,Software Testing and Quality Assurance,F_05+F_06,Third Semester,MCA,A+B,Computer Lab,80,,,,,Practical,0,0,None,Not_Collected,Not_Collected,Not_Collected,Pending Register Verification,timetable_structured.csv,None
LEC0160,2026-08-06,Thursday,5,13:30,15:30,Industry Readiness Program,Not_Assigned,Third Semester,MCA,A+B,Computer Lab,80,,,,,Practical,0,0,None,Not_Collected,Not_Collected,Not_Collected,Pending Register Verification,timetable_structured.csv,None
LEC0161,2026-08-07,Friday,1,08:30,09:15,Mobile Application Development,F_01+F_13,Third Semester,MCA,A+B,Computer Lab,80,,,,,Practical,0,0,None,Not_Collected,Not_Collected,Not_Collected,Pending Register Verification,timetable_structured.csv,None
LEC0162,2026-08-07,Friday,2,09:15,10:15,Mobile Application Development,F_01+F_13,Third Semester,MCA,A+B,Computer Lab,80,,,,,Practical,0,0,None,Not_Collected,Not_Collected,Not_Collected,Pending Register Verification,timetable_structured.csv,None
LEC0163,2026-08-07,Friday,3,10:15,11:15,Data Science and Machine Learning,F_07+F_08,Third Semester,MCA,A+B,Computer Lab,80,,,,,Practical,0,0,None,Not_Collected,Not_Collected,Not_Collected,Pending Register Verification,timetable_structured.csv,None
LEC0164,2026-08-07,Friday,4,11:15,12:15,Principles of Cloud Management and Security,F_03+F_04,Third Semester,MCA,A+B,Computer Lab,80,,,,,Practical,0,0,None,Not_Collected,Not_Collected,Not_Collected,Pending Register Verification,timetable_structured.csv,None
LEC0165,2026-08-07,Friday,5,13:30,15:30,Software Testing and Quality Assurance,F_05+F_06,Third Semester,MCA,A+B,Computer Lab,80,,,,,Practical,0,0,None,Not_Collected,Not_Collected,Not_Collected,Pending Register Verification,timetable_structured.csv,None
LEC0166,2026-08-08,Saturday,1,08:30,09:15,MAD Practical,F_01+F_11+F_02+F_12,Third Semester,MCA,A+B,Computer Lab,80,,,,,Practical,0,0,None,Not_Collected,Not_Collected,Not_Collected,Pending Register Verification,timetable_structured.csv,None
LEC0167,2026-08-08,Saturday,2,09:15,10:15,MAD Practical,F_01+F_11+F_02+F_12,Third Semester,MCA,A+B,Computer Lab,80,,,,,Practical,0,0,None,Not_Collected,Not_Collected,Not_Collected,Pending Register Verification,timetable_structured.csv,None
LEC0168,2026-08-08,Saturday,3,11:15,12:15,Mini Project,Not_Assigned,Third Semester,MCA,A+B,Computer Lab,80,,,,,Practical,0,0,None,Not_Collected,Not_Collected,Not_Collected,Pending Register Verification,timetable_structured.csv,None
LEC0169,2026-08-10,Monday,1,08:30,09:15,Mobile Application Development,F_01+F_13,Third Semester,MCA,A+B,Computer Lab,80,,,,,Practical,0,0,Holiday_Before,Not_Collected,Not_Collected,Not_Collected,Pending Register Verification,timetable_structured.csv,None
LEC0170,2026-08-10,Monday,2,09:15,10:15,Mobile Application Development,F_01+F_13,Third Semester,MCA,A+B,Computer Lab,80,,,,,Practical,0,0,Holiday_Before,Not_Collected,Not_Collected,Not_Collected,Pending Register Verification,timetable_structured.csv,None
LEC0171,2026-08-10,Monday,3,10:15,11:15,Innovation and Entrepreneurship Development,F_02+F_13,Third Semester,MCA,A+B,Computer Lab,80,,,,,Practical,0,0,Holiday_Before,Not_Collected,Not_Collected,Not_Collected,Pending Register Verification,timetable_structured.csv,None
LEC0172,2026-08-10,Monday,4,11:15,12:15,Innovation and Entrepreneurship Development,F_02+F_13,Third Semester,MCA,A+B,Computer Lab,80,,,,,Practical,0,0,Holiday_Before,Not_Collected,Not_Collected,Not_Collected,Pending Register Verification,timetable_structured.csv,None
LEC0173,2026-08-10,Monday,5,13:30,15:30,STQA Practical,F_05+F_06+F_09+F_10,Third Semester,MCA,A+B,Computer Lab,80,,,,,Practical,0,0,Holiday_Before,Not_Collected,Not_Collected,Not_Collected,Pending Register Verification,timetable_structured.csv,None
LEC0174,2026-08-12,Wednesday,1,08:30,09:15,Mobile Application Development,F_01+F_13,Third Semester,MCA,A+B,Computer Lab,80,,,,,Practical,0,0,Holiday_After,Not_Collected,Not_Collected,Not_Collected,Pending Register Verification,timetable_structured.csv,None
LEC0175,2026-08-12,Wednesday,2,09:15,10:15,Mobile Application Development,F_01+F_13,Third Semester,MCA,A+B,Computer Lab,80,,,,,Practical,0,0,Holiday_After,Not_Collected,Not_Collected,Not_Collected,Pending Register Verification,timetable_structured.csv,None
LEC0176,2026-08-12,Wednesday,3,10:15,11:15,Software Testing and Quality Assurance,F_05+F_06,Third Semester,MCA,A+B,Computer Lab,80,,,,,Practical,0,0,Holiday_After,Not_Collected,Not_Collected,Not_Collected,Pending Register Verification,timetable_structured.csv,None
LEC0177,2026-08-12,Wednesday,4,11:15,12:15,Principles of Cloud Management and Security,F_03+F_04,Third Semester,MCA,A+B,Computer Lab,80,,,,,Practical,0,0,Holiday_After,Not_Collected,Not_Collected,Not_Collected,Pending Register Verification,timetable_structured.csv,None
LEC0178,2026-08-12,Wednesday,5,13:30,15:30,Innovation and Entrepreneurship Development,F_02+F_13,Third Semester,MCA,A+B,Computer Lab,80,,,,,Practical,0,0,Holiday_After,Not_Collected,Not_Collected,Not_Collected,Pending Register Verification,timetable_structured.csv,None
LEC0179,2026-08-13,Thursday,1,08:30,09:15,Mobile Application Development,F_01+F_13,Third Semester,MCA,A+B,Computer Lab,80,,,,,Practical,0,0,None,Not_Collected,Not_Collected,Not_Collected,Pending Register Verification,timetable_structured.csv,None
LEC0180,2026-08-13,Thursday,2,09:15,10:15,Mobile Application Development,F_01+F_13,Third Semester,MCA,A+B,Computer Lab,80,,,,,Practical,0,0,None,Not_Collected,Not_Collected,Not_Collected,Pending Register Verification,timetable_structured.csv,None
LEC0181,2026-08-13,Thursday,3,10:15,11:15,Data Science and Machine Learning,F_07+F_08,Third Semester,MCA,A+B,Computer Lab,80,,,,,Practical,0,0,None,Not_Collected,Not_Collected,Not_Collected,Pending Register Verification,timetable_structured.csv,None
LEC0182,2026-08-13,Thursday,4,11:15,12:15,Software Testing and Quality Assurance,F_05+F_06,Third Semester,MCA,A+B,Computer Lab,80,,,,,Practical,0,0,None,Not_Collected,Not_Collected,Not_Collected,Pending Register Verification,timetable_structured.csv,None
LEC0183,2026-08-13,Thursday,5,13:30,15:30,Industry Readiness Program,Not_Assigned,Third Semester,MCA,A+B,Computer Lab,80,,,,,Practical,0,0,None,Not_Collected,Not_Collected,Not_Collected,Pending Register Verification,timetable_structured.csv,None
LEC0184,2026-08-14,Friday,1,08:30,09:15,Mobile Application Development,F_01+F_13,Third Semester,MCA,A+B,Computer Lab,80,,,,,Practical,0,0,None,Not_Collected,Not_Collected,Not_Collected,Pending Register Verification,timetable_structured.csv,None
LEC0185,2026-08-14,Friday,2,09:15,10:15,Mobile Application Development,F_01+F_13,Third Semester,MCA,A+B,Computer Lab,80,,,,,Practical,0,0,None,Not_Collected,Not_Collected,Not_Collected,Pending Register Verification,timetable_structured.csv,None
LEC0186,2026-08-14,Friday,3,10:15,11:15,Data Science and Machine Learning,F_07+F_08,Third Semester,MCA,A+B,Computer Lab,80,,,,,Practical,0,0,None,Not_Collected,Not_Collected,Not_Collected,Pending Register Verification,timetable_structured.csv,None
LEC0187,2026-08-14,Friday,4,11:15,12:15,Principles of Cloud Management and Security,F_03+F_04,Third Semester,MCA,A+B,Computer Lab,80,,,,,Practical,0,0,None,Not_Collected,Not_Collected,Not_Collected,Pending Register Verification,timetable_structured.csv,None
LEC0188,2026-08-14,Friday,5,13:30,15:30,Software Testing and Quality Assurance,F_05+F_06,Third Semester,MCA,A+B,Computer Lab,80,,,,,Practical,0,0,None,Not_Collected,Not_Collected,Not_Collected,Pending Register Verification,timetable_structured.csv,None
LEC0189,2026-08-15,Saturday,1,08:30,09:15,MAD Practical,F_01+F_11+F_02+F_12,Third Semester,MCA,A+B,Computer Lab,80,,,,,Practical,0,0,None,Not_Collected,Not_Collected,Not_Collected,Pending Register Verification,timetable_structured.csv,None
LEC0190,2026-08-15,Saturday,2,09:15,10:15,MAD Practical,F_01+F_11+F_02+F_12,Third Semester,MCA,A+B,Computer Lab,80,,,,,Practical,0,0,None,Not_Collected,Not_Collected,Not_Collected,Pending Register Verification,timetable_structured.csv,None
LEC0191,2026-08-15,Saturday,3,11:15,12:15,Mini Project,Not_Assigned,Third Semester,MCA,A+B,Computer Lab,80,,,,,Practical,0,0,None,Not_Collected,Not_Collected,Not_Collected,Pending Register Verification,timetable_structured.csv,None
LEC0192,2026-08-17,Monday,1,08:30,09:15,Mobile Application Development,F_01+F_13,Third Semester,MCA,A+B,Computer Lab,80,,,,,Practical,0,0,None,Not_Collected,Not_Collected,Not_Collected,Pending Register Verification,timetable_structured.csv,None
LEC0193,2026-08-17,Monday,2,09:15,10:15,Mobile Application Development,F_01+F_13,Third Semester,MCA,A+B,Computer Lab,80,,,,,Practical,0,0,None,Not_Collected,Not_Collected,Not_Collected,Pending Register Verification,timetable_structured.csv,None
LEC0194,2026-08-17,Monday,3,10:15,11:15,Innovation and Entrepreneurship Development,F_02+F_13,Third Semester,MCA,A+B,Computer Lab,80,,,,,Practical,0,0,None,Not_Collected,Not_Collected,Not_Collected,Pending Register Verification,timetable_structured.csv,None
LEC0195,2026-08-17,Monday,4,11:15,12:15,Innovation and Entrepreneurship Development,F_02+F_13,Third Semester,MCA,A+B,Computer Lab,80,,,,,Practical,0,0,None,Not_Collected,Not_Collected,Not_Collected,Pending Register Verification,timetable_structured.csv,None
LEC0196,2026-08-17,Monday,5,13:30,15:30,STQA Practical,F_05+F_06+F_09+F_10,Third Semester,MCA,A+B,Computer Lab,80,,,,,Practical,0,0,None,Not_Collected,Not_Collected,Not_Collected,Pending Register Verification,timetable_structured.csv,None
LEC0197,2026-08-18,Tuesday,1,08:30,09:15,Mobile Application Development,F_01+F_13,Third Semester,MCA,A+B,Computer Lab,80,,,,,Practical,0,0,None,Not_Collected,Not_Collected,Not_Collected,Pending Register Verification,timetable_structured.csv,None
LEC0198,2026-08-18,Tuesday,2,09:15,10:15,Mobile Application Development,F_01+F_13,Third Semester,MCA,A+B,Computer Lab,80,,,,,Practical,0,0,None,Not_Collected,Not_Collected,Not_Collected,Pending Register Verification,timetable_structured.csv,None
LEC0199,2026-08-18,Tuesday,3,10:15,11:15,Principles of Cloud Management and Security,F_03+F_04,Third Semester,MCA,A+B,Computer Lab,80,,,,,Practical,0,0,None,Not_Collected,Not_Collected,Not_Collected,Pending Register Verification,timetable_structured.csv,None
LEC0200,2026-08-18,Tuesday,4,11:15,12:15,Data Science and Machine Learning,F_07+F_08,Third Semester,MCA,A+B,Computer Lab,80,,,,,Practical,0,0,None,Not_Collected,Not_Collected,Not_Collected,Pending Register Verification,timetable_structured.csv,None
LEC0201,2026-08-18,Tuesday,5,13:30,15:30,DS and ML Practical,F_07+F_08+F_03+F_04,Third Semester,MCA,A+B,Computer Lab,80,,,,,Practical,0,0,None,Not_Collected,Not_Collected,Not_Collected,Pending Register Verification,timetable_structured.csv,None
LEC0202,2026-08-19,Wednesday,1,08:30,09:15,Mobile Application Development,F_01+F_13,Third Semester,MCA,A+B,Computer Lab,80,,,,,Practical,0,0,None,Not_Collected,Not_Collected,Not_Collected,Pending Register Verification,timetable_structured.csv,None
LEC0203,2026-08-19,Wednesday,2,09:15,10:15,Mobile Application Development,F_01+F_13,Third Semester,MCA,A+B,Computer Lab,80,,,,,Practical,0,0,None,Not_Collected,Not_Collected,Not_Collected,Pending Register Verification,timetable_structured.csv,None
LEC0204,2026-08-19,Wednesday,3,10:15,11:15,Software Testing and Quality Assurance,F_05+F_06,Third Semester,MCA,A+B,Computer Lab,80,,,,,Practical,0,0,None,Not_Collected,Not_Collected,Not_Collected,Pending Register Verification,timetable_structured.csv,None
LEC0205,2026-08-19,Wednesday,4,11:15,12:15,Principles of Cloud Management and Security,F_03+F_04,Third Semester,MCA,A+B,Computer Lab,80,,,,,Practical,0,0,None,Not_Collected,Not_Collected,Not_Collected,Pending Register Verification,timetable_structured.csv,None
LEC0206,2026-08-19,Wednesday,5,13:30,15:30,Innovation and Entrepreneurship Development,F_02+F_13,Third Semester,MCA,A+B,Computer Lab,80,,,,,Practical,0,0,None,Not_Collected,Not_Collected,Not_Collected,Pending Register Verification,timetable_structured.csv,None
LEC0207,2026-08-20,Thursday,1,08:30,09:15,Mobile Application Development,F_01+F_13,Third Semester,MCA,A+B,Computer Lab,80,,,,,Practical,0,0,None,Not_Collected,Not_Collected,Not_Collected,Pending Register Verification,timetable_structured.csv,None
LEC0208,2026-08-20,Thursday,2,09:15,10:15,Mobile Application Development,F_01+F_13,Third Semester,MCA,A+B,Computer Lab,80,,,,,Practical,0,0,None,Not_Collected,Not_Collected,Not_Collected,Pending Register Verification,timetable_structured.csv,None
LEC0209,2026-08-20,Thursday,3,10:15,11:15,Data Science and Machine Learning,F_07+F_08,Third Semester,MCA,A+B,Computer Lab,80,,,,,Practical,0,0,None,Not_Collected,Not_Collected,Not_Collected,Pending Register Verification,timetable_structured.csv,None
LEC0210,2026-08-20,Thursday,4,11:15,12:15,Software Testing and Quality Assurance,F_05+F_06,Third Semester,MCA,A+B,Computer Lab,80,,,,,Practical,0,0,None,Not_Collected,Not_Collected,Not_Collected,Pending Register Verification,timetable_structured.csv,None
LEC0211,2026-08-20,Thursday,5,13:30,15:30,Industry Readiness Program,Not_Assigned,Third Semester,MCA,A+B,Computer Lab,80,,,,,Practical,0,0,None,Not_Collected,Not_Collected,Not_Collected,Pending Register Verification,timetable_structured.csv,None
LEC0212,2026-08-21,Friday,1,08:30,09:15,Mobile Application Development,F_01+F_13,Third Semester,MCA,A+B,Computer Lab,80,,,,,Practical,0,0,None,Not_Collected,Not_Collected,Not_Collected,Pending Register Verification,timetable_structured.csv,None
LEC0213,2026-08-21,Friday,2,09:15,10:15,Mobile Application Development,F_01+F_13,Third Semester,MCA,A+B,Computer Lab,80,,,,,Practical,0,0,None,Not_Collected,Not_Collected,Not_Collected,Pending Register Verification,timetable_structured.csv,None
LEC0214,2026-08-21,Friday,3,10:15,11:15,Data Science and Machine Learning,F_07+F_08,Third Semester,MCA,A+B,Computer Lab,80,,,,,Practical,0,0,None,Not_Collected,Not_Collected,Not_Collected,Pending Register Verification,timetable_structured.csv,None
LEC0215,2026-08-21,Friday,4,11:15,12:15,Principles of Cloud Management and Security,F_03+F_04,Third Semester,MCA,A+B,Computer Lab,80,,,,,Practical,0,0,None,Not_Collected,Not_Collected,Not_Collected,Pending Register Verification,timetable_structured.csv,None
LEC0216,2026-08-21,Friday,5,13:30,15:30,Software Testing and Quality Assurance,F_05+F_06,Third Semester,MCA,A+B,Computer Lab,80,,,,,Practical,0,0,None,Not_Collected,Not_Collected,Not_Collected,Pending Register Verification,timetable_structured.csv,None
LEC0217,2026-08-22,Saturday,1,08:30,09:15,MAD Practical,F_01+F_11+F_02+F_12,Third Semester,MCA,A+B,Computer Lab,80,,,,,Practical,0,0,None,Not_Collected,Not_Collected,Not_Collected,Pending Register Verification,timetable_structured.csv,None
LEC0218,2026-08-22,Saturday,2,09:15,10:15,MAD Practical,F_01+F_11+F_02+F_12,Third Semester,MCA,A+B,Computer Lab,80,,,,,Practical,0,0,None,Not_Collected,Not_Collected,Not_Collected,Pending Register Verification,timetable_structured.csv,None
LEC0219,2026-08-22,Saturday,3,11:15,12:15,Mini Project,Not_Assigned,Third Semester,MCA,A+B,Computer Lab,80,,,,,Practical,0,0,None,Not_Collected,Not_Collected,Not_Collected,Pending Register Verification,timetable_structured.csv,None
LEC0220,2026-08-24,Monday,1,08:30,09:15,Mobile Application Development,F_01+F_13,Third Semester,MCA,A+B,Computer Lab,80,,,,,Practical,0,0,None,Not_Collected,Not_Collected,Not_Collected,Pending Register Verification,timetable_structured.csv,None
LEC0221,2026-08-24,Monday,2,09:15,10:15,Mobile Application Development,F_01+F_13,Third Semester,MCA,A+B,Computer Lab,80,,,,,Practical,0,0,None,Not_Collected,Not_Collected,Not_Collected,Pending Register Verification,timetable_structured.csv,None
LEC0222,2026-08-24,Monday,3,10:15,11:15,Innovation and Entrepreneurship Development,F_02+F_13,Third Semester,MCA,A+B,Computer Lab,80,,,,,Practical,0,0,None,Not_Collected,Not_Collected,Not_Collected,Pending Register Verification,timetable_structured.csv,None
LEC0223,2026-08-24,Monday,4,11:15,12:15,Innovation and Entrepreneurship Development,F_02+F_13,Third Semester,MCA,A+B,Computer Lab,80,,,,,Practical,0,0,None,Not_Collected,Not_Collected,Not_Collected,Pending Register Verification,timetable_structured.csv,None
LEC0224,2026-08-24,Monday,5,13:30,15:30,STQA Practical,F_05+F_06+F_09+F_10,Third Semester,MCA,A+B,Computer Lab,80,,,,,Practical,0,0,None,Not_Collected,Not_Collected,Not_Collected,Pending Register Verification,timetable_structured.csv,None
LEC0225,2026-08-25,Tuesday,1,08:30,09:15,Mobile Application Development,F_01+F_13,Third Semester,MCA,A+B,Computer Lab,80,,,,,Practical,0,0,None,Not_Collected,Not_Collected,Not_Collected,Pending Register Verification,timetable_structured.csv,None
LEC0226,2026-08-25,Tuesday,2,09:15,10:15,Mobile Application Development,F_01+F_13,Third Semester,MCA,A+B,Computer Lab,80,,,,,Practical,0,0,None,Not_Collected,Not_Collected,Not_Collected,Pending Register Verification,timetable_structured.csv,None
LEC0227,2026-08-25,Tuesday,3,10:15,11:15,Principles of Cloud Management and Security,F_03+F_04,Third Semester,MCA,A+B,Computer Lab,80,,,,,Practical,0,0,None,Not_Collected,Not_Collected,Not_Collected,Pending Register Verification,timetable_structured.csv,None
LEC0228,2026-08-25,Tuesday,4,11:15,12:15,Data Science and Machine Learning,F_07+F_08,Third Semester,MCA,A+B,Computer Lab,80,,,,,Practical,0,0,None,Not_Collected,Not_Collected,Not_Collected,Pending Register Verification,timetable_structured.csv,None
LEC0229,2026-08-25,Tuesday,5,13:30,15:30,DS and ML Practical,F_07+F_08+F_03+F_04,Third Semester,MCA,A+B,Computer Lab,80,,,,,Practical,0,0,None,Not_Collected,Not_Collected,Not_Collected,Pending Register Verification,timetable_structured.csv,None
